{
  "rent_price": 1180.0,
  "other_prices": 0.0,
  "area": 16.0,
  "rooms": 1,
  "address": "ul. gen. Karola Kniaziewicza, Przedmieście Oławskie, Krzyki, Wrocław, dolnośląskie",
  "location": "Przedmieście Oławskie, Krzyki, Wrocław",
  "floor": null,
  "total_floors": null,
  "available_from": "2025-10-01",
  "utilities_included": false,
  "deposit": 1180.0,
  "furnished": true,
  "only_for_woman": false,
  "only_for_students": false,
  "minimal_rent_duration_months": 0,
  "media_included": null
}