{
  "rent_price": 1275.0,
  "other_prices": 375.0,
  "area": 13.0,
  "rooms": 1,
  "address": "ul. Komuny Paryskiej, Przedmieście Oławskie, Krzyki, Wrocław, dolnośląskie",
  "location": "Przedmieście Oławskie, Krzyki, Wrocław",
  "floor": null,
  "total_floors": null,
  "available_from": "2025-05-09",
  "utilities_included": false,
  "deposit": 1275.0,
  "furnished": true,
  "only_for_woman": false,
  "only_for_students": false,
  "minimal_rent_duration_months": 0,
  "media_included": null
}