{
  "rent_price": 1800.0,
  "other_prices": 0.0,
  "area": 26.0,
  "rooms": 3,
  "address": "ul. Marcellego Bacciarellego, Bartoszowice, Śródmieście, Wrocław, dolnośląskie",
  "location": "Bartoszowice, Śródmieście, Wrocław",
  "floor": null,
  "total_floors": null,
  "available_from": "2025-09-20",
  "utilities_included": null,
  "deposit": 1800.0,
  "furnished": true,
  "only_for_woman": true,
  "only_for_students": true,
  "minimal_rent_duration_months": 1,
  "media_included": null
}