{
  "rent_price": 700.0,
  "other_prices": 650.0,
  "area": 12.0,
  "rooms": 1,
  "address": "ul. Tadeusza Kościuszki, Przedmieście Oławskie, Krzyki, Wrocław, dolnośląskie",
  "location": "Przedmieście Oławskie, Krzyki, Wrocław",
  "floor": 4,
  "total_floors": null,
  "available_from": "2025-10-01",
  "utilities_included": false,
  "deposit": 1350.0,
  "furnished": true,
  "only_for_woman": false,
  "only_for_students": true,
  "minimal_rent_duration_months": 12,
  "media_included": true
}