{
  "rent_price": 1550.0,
  "other_prices": 650.0,
  "area": 24.0,
  "rooms": 3,
  "address": "wyb. Stanisława Wyspiańskiego, Plac Grunwaldzki, Śródmieście, Wrocław, dolnośląskie",
  "location": "Plac Grunwaldzki, Śródmieście, Wrocław",
  "floor": null,
  "total_floors": null,
  "available_from": "2025-10-02",
  "utilities_included": false,
  "deposit": 2000.0,
  "furnished": true,
  "only_for_woman": false,
  "only_for_students": false,
  "minimal_rent_duration_months": 11,
  "media_included": false
}