{
  "rent_price": 1050.0,
  "other_prices": 400.0,
  "area": 14.0,
  "rooms": 1,
  "address": "ul. Marii Curie-Skłodowskiej, Plac Grunwaldzki, Śródmieście, Wrocław, dolnośląskie",
  "location": "Plac Grunwaldzki, Śródmieście, Wrocław",
  "floor": null,
  "total_floors": null,
  "available_from": "2025-09-01",
  "utilities_included": false,
  "deposit": 1400.0,
  "furnished": true,
  "only_for_woman": false,
  "only_for_students": false,
  "minimal_rent_duration_months": 12,
  "media_included": null
}