{
  "rent_price": 1100.0,
  "other_prices": 400.0,
  "area": 16.0,
  "rooms": 1,
  "address": "ul. Mikołaja Sępa-Szarzyńskiego, Plac Grunwaldzki, Śródmieście, Wrocław, dolnośląskie",
  "location": "Plac Grunwaldzki, Śródmieście, Wrocław",
  "floor": null,
  "total_floors": null,
  "available_from": "2025-10-17",
  "utilities_included": false,
  "deposit": 0.0,
  "furnished": true,
  "only_for_woman": false,
  "only_for_students": false,
  "minimal_rent_duration_months": 0,
  "media_included": null
}